date,type,fuel,registrations
1/1/2000,car,diesel,347
1/2/2000,car,diesel,228
1/3/2000,car,diesel,337
1/4/2000,car,diesel,320
1/5/2000,car,diesel,410
1/6/2000,car,diesel,355
1/7/2000,car,diesel,423
1/8/2000,car,diesel,393
1/9/2000,car,diesel,391
1/10/2000,car,diesel,353
1/11/2000,car,diesel,340
1/12/2000,car,diesel,319
1/1/2001,car,diesel,321
1/2/2001,car,diesel,291
1/3/2001,car,diesel,405
1/4/2001,car,diesel,359
1/5/2001,car,diesel,324
1/6/2001,car,diesel,307
1/7/2001,car,diesel,352
1/8/2001,car,diesel,366
1/9/2001,car,diesel,374
1/10/2001,car,diesel,341
1/11/2001,car,diesel,289
1/12/2001,car,diesel,258
1/1/2002,car,diesel,341
1/2/2002,car,diesel,241
1/3/2002,car,diesel,343
1/4/2002,car,diesel,309
1/5/2002,car,diesel,368
1/6/2002,car,diesel,274
1/7/2002,car,diesel,375
1/8/2002,car,diesel,341
1/9/2002,car,diesel,427
1/10/2002,car,diesel,435
1/11/2002,car,diesel,367
1/12/2002,car,diesel,332
1/1/2003,car,diesel,397
1/2/2003,car,diesel,176
1/3/2003,car,diesel,299
1/4/2003,car,diesel,302
1/5/2003,car,diesel,258
1/6/2003,car,diesel,278
1/7/2003,car,diesel,350
1/8/2003,car,diesel,362
1/9/2003,car,diesel,293
1/10/2003,car,diesel,275
1/11/2003,car,diesel,251
1/12/2003,car,diesel,272
1/1/2004,car,diesel,265
1/2/2004,car,diesel,214
1/3/2004,car,diesel,529
1/4/2004,car,diesel,338
1/5/2004,car,diesel,333
1/6/2004,car,diesel,274
1/7/2004,car,diesel,406
1/8/2004,car,diesel,362
1/9/2004,car,diesel,380
1/10/2004,car,diesel,416
1/11/2004,car,diesel,379
1/12/2004,car,diesel,429
1/1/2005,car,diesel,335
1/2/2005,car,diesel,265
1/3/2005,car,diesel,327
1/4/2005,car,diesel,299
1/5/2005,car,diesel,314
1/6/2005,car,diesel,314
1/7/2005,car,diesel,303
1/8/2005,car,diesel,290
1/9/2005,car,diesel,259
1/10/2005,car,diesel,241
1/11/2005,car,diesel,228
1/12/2005,car,diesel,285
1/1/2006,car,diesel,206
1/2/2006,car,diesel,125
1/3/2006,car,diesel,210
1/4/2006,car,diesel,147
1/5/2006,car,diesel,161
1/6/2006,car,diesel,162
1/7/2006,car,diesel,151
1/8/2006,car,diesel,184
1/9/2006,car,diesel,117
1/10/2006,car,diesel,136
1/11/2006,car,diesel,154
1/12/2006,car,diesel,133
1/1/2007,car,diesel,154
1/2/2007,car,diesel,151
1/3/2007,car,diesel,173
1/4/2007,car,diesel,135
1/5/2007,car,diesel,157
1/6/2007,car,diesel,134
1/7/2007,car,diesel,151
1/8/2007,car,diesel,135
1/9/2007,car,diesel,125
1/10/2007,car,diesel,147
1/11/2007,car,diesel,156
1/12/2007,car,diesel,201
1/1/2008,car,diesel,182
1/2/2008,car,diesel,130
1/3/2008,car,diesel,155
1/4/2008,car,diesel,190
1/5/2008,car,diesel,125
1/6/2008,car,diesel,119
1/7/2008,car,diesel,155
1/8/2008,car,diesel,106
1/9/2008,car,diesel,105
1/10/2008,car,diesel,71
1/11/2008,car,diesel,75
1/12/2008,car,diesel,75
1/1/2009,car,diesel,73
1/2/2009,car,diesel,54
1/3/2009,car,diesel,88
1/4/2009,car,diesel,72
1/5/2009,car,diesel,67
1/6/2009,car,diesel,87
1/7/2009,car,diesel,97
1/8/2009,car,diesel,103
1/9/2009,car,diesel,85
1/10/2009,car,diesel,90
1/11/2009,car,diesel,132
1/12/2009,car,diesel,119
1/1/2010,car,diesel,98
1/2/2010,car,diesel,99
1/3/2010,car,diesel,147
1/4/2010,car,diesel,138
1/5/2010,car,diesel,127
1/6/2010,car,diesel,148
1/7/2010,car,diesel,125
1/8/2010,car,diesel,96
1/9/2010,car,diesel,117
1/10/2010,car,diesel,142
1/11/2010,car,diesel,100
1/12/2010,car,diesel,123
1/1/2011,car,diesel,135
1/2/2011,car,diesel,118
1/3/2011,car,diesel,173
1/4/2011,car,diesel,233
1/5/2011,car,diesel,155
1/6/2011,car,diesel,214
1/7/2011,car,diesel,230
1/8/2011,car,diesel,202
1/9/2011,car,diesel,145
1/10/2011,car,diesel,218
1/11/2011,car,diesel,267
1/12/2011,car,diesel,307
1/1/2012,car,diesel,252
1/2/2012,car,diesel,204
1/3/2012,car,diesel,269
1/4/2012,car,diesel,298
1/5/2012,car,diesel,237
1/6/2012,car,diesel,235
1/7/2012,car,diesel,300
1/8/2012,car,diesel,246
1/9/2012,car,diesel,241
1/10/2012,car,diesel,270
1/11/2012,car,diesel,216
1/12/2012,car,diesel,432
1/1/2013,car,diesel,181
1/2/2013,car,diesel,163
1/3/2013,car,diesel,209
1/4/2013,car,diesel,237
1/5/2013,car,diesel,169
1/6/2013,car,diesel,200
1/7/2013,car,diesel,263
1/8/2013,car,diesel,188
1/9/2013,car,diesel,310
1/10/2013,car,diesel,237
1/11/2013,car,diesel,187
1/12/2013,car,diesel,272
1/1/2014,car,diesel,258
1/2/2014,car,diesel,213
1/3/2014,car,diesel,230
1/4/2014,car,diesel,224
1/5/2014,car,diesel,196
1/6/2014,car,diesel,176
1/7/2014,car,diesel,169
1/8/2014,car,diesel,179
1/9/2014,car,diesel,204
1/10/2014,car,diesel,218
1/11/2014,car,diesel,231
1/12/2014,car,diesel,306
1/1/2015,car,diesel,221
1/2/2015,car,diesel,167
1/3/2015,car,diesel,219
1/4/2015,car,diesel,119
1/5/2015,car,diesel,198
1/6/2015,car,diesel,239
1/7/2015,car,diesel,161
1/8/2015,car,diesel,112
1/9/2015,car,diesel,134
1/10/2015,car,diesel,130
1/11/2015,car,diesel,134
1/12/2015,car,diesel,199
1/1/2016,car,diesel,133
1/2/2016,car,diesel,76
1/3/2016,car,diesel,120
1/4/2016,car,diesel,88
1/5/2016,car,diesel,93
1/6/2016,car,diesel,145
1/7/2016,car,diesel,112
1/8/2016,car,diesel,131
1/9/2016,car,diesel,142
1/10/2016,car,diesel,145
1/11/2016,car,diesel,102
1/12/2016,car,diesel,116
1/1/2017,car,diesel,128
1/2/2017,car,diesel,61
1/3/2017,car,diesel,135
1/4/2017,car,diesel,120
1/5/2017,car,diesel,144
1/6/2017,car,diesel,114
1/7/2017,car,diesel,130
1/8/2017,car,diesel,291
1/9/2017,car,diesel,146
1/10/2017,car,diesel,246
1/11/2017,car,diesel,188
1/12/2017,car,diesel,164
1/1/2018,car,diesel,244
1/2/2018,car,diesel,259
1/3/2018,car,diesel,260
1/4/2018,car,diesel,226
1/5/2018,car,diesel,164
1/6/2018,car,diesel,433
1/7/2018,car,diesel,333
1/8/2018,car,diesel,398
1/9/2018,car,diesel,276
1/10/2018,car,diesel,269
1/11/2018,car,diesel,284
1/12/2018,car,diesel,270
1/1/2019,car,diesel,325
1/2/2019,car,diesel,140
1/3/2019,car,diesel,207
1/4/2019,car,diesel,192
1/5/2019,car,diesel,303
1/6/2019,car,diesel,202
1/7/2019,car,diesel,251
1/8/2019,car,diesel,306
1/9/2019,car,diesel,269
1/10/2019,car,diesel,301
1/11/2019,car,diesel,274
1/12/2019,car,diesel,332
1/1/2020,car,diesel,380
1/2/2020,car,diesel,218
1/3/2020,car,diesel,126
1/5/2020,car,diesel,78
1/6/2020,car,diesel,153
1/7/2020,car,diesel,257
1/8/2020,car,diesel,209
1/9/2020,car,diesel,364
1/10/2020,car,diesel,312
1/11/2020,car,diesel,186
1/12/2020,car,diesel,150
1/1/2021,car,diesel,114
1/2/2021,car,diesel,132
1/3/2021,car,diesel,233
1/4/2021,car,diesel,245
1/5/2021,car,diesel,200
1/6/2021,car,diesel,7
1/7/2021,car,diesel,50
1/8/2021,car,diesel,118
1/9/2021,car,diesel,277
1/10/2021,car,diesel,238
1/11/2021,car,diesel,211
1/12/2021,car,diesel,413
1/1/2022,car,diesel,392
1/2/2022,car,diesel,185
1/3/2022,car,diesel,392
1/4/2022,car,diesel,258
1/5/2022,car,diesel,375
1/6/2022,car,diesel,420
1/7/2022,car,diesel,420
1/8/2022,car,diesel,407
1/9/2022,car,diesel,363
1/10/2022,car,diesel,284
1/11/2022,car,diesel,325
1/12/2022,car,diesel,327
1/1/2023,car,diesel,535
1/2/2023,car,diesel,541
1/3/2023,car,diesel,581
1/4/2023,car,diesel,419
1/5/2023,car,diesel,412
1/6/2023,car,diesel,416
1/7/2023,car,diesel,392
1/8/2023,car,diesel,458
1/9/2023,car,diesel,382
1/10/2023,car,diesel,372
1/11/2023,car,diesel,315
1/12/2023,car,diesel,412
1/1/2024,car,diesel,395
1/2/2024,car,diesel,318
1/3/2024,car,diesel,397
1/4/2024,car,diesel,346
1/5/2024,car,diesel,294
1/6/2024,car,diesel,280
1/7/2024,car,diesel,290
1/8/2024,car,diesel,250
1/9/2024,car,diesel,222
1/10/2024,car,diesel,222
1/11/2024,car,diesel,233
1/12/2024,car,diesel,288
1/1/2025,car,diesel,372
1/2/2025,car,diesel,1268
1/3/2025,car,diesel,1108
1/4/2025,car,diesel,560
1/5/2025,car,diesel,363
1/6/2025,car,diesel,257
1/7/2025,car,diesel,256
1/8/2025,car,diesel,277
1/9/2025,car,diesel,261
1/10/2025,car,diesel,259
1/11/2025,car,diesel,225
1/12/2025,car,diesel,224
1/1/2026,car,diesel,180
1/2/2026,car,diesel,213
1/3/2026,car,diesel,193
1/4/2026,car,diesel,191
1/7/2009,car,electric,1
1/10/2011,car,electric,6
1/2/2012,car,electric,2
1/3/2012,car,electric,9
1/9/2012,car,electric,14
1/2/2013,car,electric,1
1/7/2013,car,electric,2
1/10/2013,car,electric,4
1/11/2013,car,electric,3
1/12/2013,car,electric,7
1/1/2014,car,electric,3
1/7/2014,car,electric,2
1/8/2014,car,electric,3
1/9/2014,car,electric,6
1/10/2014,car,electric,1
1/11/2014,car,electric,6
1/12/2014,car,electric,6
1/1/2015,car,electric,11
1/2/2015,car,electric,1
1/3/2015,car,electric,4
1/4/2015,car,electric,6
1/5/2015,car,electric,11
1/7/2015,car,electric,3
1/8/2015,car,electric,4
1/9/2015,car,electric,1
1/10/2015,car,electric,6
1/11/2015,car,electric,3
1/12/2015,car,electric,5
1/1/2016,car,electric,1
1/2/2016,car,electric,10
1/3/2016,car,electric,2
1/4/2016,car,electric,5
1/5/2016,car,electric,1
1/6/2016,car,electric,1
1/7/2016,car,electric,1
1/8/2016,car,electric,2
1/9/2016,car,electric,2
1/10/2016,car,electric,2
1/11/2016,car,electric,5
1/12/2016,car,electric,9
1/1/2017,car,electric,3
1/2/2017,car,electric,4
1/3/2017,car,electric,2
1/4/2017,car,electric,7
1/5/2017,car,electric,6
1/7/2017,car,electric,1
1/9/2017,car,electric,1
1/12/2017,car,electric,1
1/1/2018,car,electric,3
1/3/2018,car,electric,1
1/4/2018,car,electric,1
1/6/2018,car,electric,1
1/8/2018,car,electric,2
1/12/2018,car,electric,2
1/1/2019,car,electric,4
1/3/2019,car,electric,1
1/7/2019,car,electric,17
1/8/2019,car,electric,9
1/9/2019,car,electric,4
1/10/2019,car,electric,5
1/12/2019,car,electric,4
1/1/2020,car,electric,5
1/2/2020,car,electric,5
1/3/2020,car,electric,3
1/5/2020,car,electric,1
1/6/2020,car,electric,3
1/7/2020,car,electric,4
1/8/2020,car,electric,1
1/9/2020,car,electric,8
1/10/2020,car,electric,17
1/11/2020,car,electric,16
1/12/2020,car,electric,8
1/1/2021,car,electric,6
1/2/2021,car,electric,14
1/3/2021,car,electric,24
1/4/2021,car,electric,24
1/5/2021,car,electric,32
1/6/2021,car,electric,1
1/7/2021,car,electric,12
1/8/2021,car,electric,58
1/9/2021,car,electric,41
1/10/2021,car,electric,23
1/11/2021,car,electric,13
1/12/2021,car,electric,9
1/1/2022,car,electric,12
1/2/2022,car,electric,37
1/3/2022,car,electric,119
1/4/2022,car,electric,249
1/5/2022,car,electric,134
1/6/2022,car,electric,154
1/7/2022,car,electric,156
1/8/2022,car,electric,199
1/9/2022,car,electric,474
1/10/2022,car,electric,327
1/11/2022,car,electric,422
1/12/2022,car,electric,846
1/1/2023,car,electric,365
1/2/2023,car,electric,481
1/3/2023,car,electric,926
1/4/2023,car,electric,681
1/5/2023,car,electric,1074
1/6/2023,car,electric,882
1/7/2023,car,electric,937
1/8/2023,car,electric,1144
1/9/2023,car,electric,898
1/10/2023,car,electric,1372
1/11/2023,car,electric,1558
1/12/2023,car,electric,2983
1/1/2024,car,electric,1403
1/2/2024,car,electric,1026
1/3/2024,car,electric,2260
1/4/2024,car,electric,1609
1/5/2024,car,electric,2453
1/6/2024,car,electric,1912
1/7/2024,car,electric,1884
1/8/2024,car,electric,1774
1/9/2024,car,electric,1513
1/10/2024,car,electric,1569
1/11/2024,car,electric,1805
1/12/2024,car,electric,2581
1/1/2025,car,electric,1691
1/2/2025,car,electric,2160
1/3/2025,car,electric,2976
1/4/2025,car,electric,2892
1/5/2025,car,electric,4152
1/6/2025,car,electric,3272
1/7/2025,car,electric,2792
1/8/2025,car,electric,3461
1/9/2025,car,electric,3532
1/10/2025,car,electric,4345
1/11/2025,car,electric,5417
1/12/2025,car,electric,8123
1/1/2026,car,electric,6239
1/2/2026,car,electric,3635
1/3/2026,car,electric,4717
1/4/2026,car,electric,5894
1/1/2000,car,greendiesel,794
1/2/2000,car,greendiesel,589
1/3/2000,car,greendiesel,893
1/4/2000,car,greendiesel,909
1/5/2000,car,greendiesel,901
1/6/2000,car,greendiesel,827
1/7/2000,car,greendiesel,952
1/8/2000,car,greendiesel,973
1/9/2000,car,greendiesel,1042
1/10/2000,car,greendiesel,1071
1/11/2000,car,greendiesel,1017
1/12/2000,car,greendiesel,810
1/1/2001,car,greendiesel,874
1/2/2001,car,greendiesel,979
1/3/2001,car,greendiesel,1228
1/4/2001,car,greendiesel,1156
1/5/2001,car,greendiesel,1171
1/6/2001,car,greendiesel,1042
1/7/2001,car,greendiesel,1268
1/8/2001,car,greendiesel,1228
1/9/2001,car,greendiesel,1138
1/10/2001,car,greendiesel,1194
1/11/2001,car,greendiesel,1179
1/12/2001,car,greendiesel,929
1/1/2002,car,greendiesel,1233
1/2/2002,car,greendiesel,1025
1/3/2002,car,greendiesel,1168
1/4/2002,car,greendiesel,1304
1/5/2002,car,greendiesel,1186
1/6/2002,car,greendiesel,1044
1/7/2002,car,greendiesel,1352
1/8/2002,car,greendiesel,1300
1/9/2002,car,greendiesel,1055
1/10/2002,car,greendiesel,1389
1/11/2002,car,greendiesel,1561
1/12/2002,car,greendiesel,1145
1/1/2003,car,greendiesel,1774
1/2/2003,car,greendiesel,910
1/3/2003,car,greendiesel,1319
1/4/2003,car,greendiesel,1376
1/5/2003,car,greendiesel,1388
1/6/2003,car,greendiesel,1269
1/7/2003,car,greendiesel,1920
1/8/2003,car,greendiesel,1744
1/9/2003,car,greendiesel,1439
1/10/2003,car,greendiesel,1555
1/11/2003,car,greendiesel,1225
1/12/2003,car,greendiesel,1515
1/1/2004,car,greendiesel,1290
1/2/2004,car,greendiesel,1449
1/3/2004,car,greendiesel,2050
1/4/2004,car,greendiesel,1952
1/5/2004,car,greendiesel,1662
1/6/2004,car,greendiesel,1958
1/7/2004,car,greendiesel,2111
1/8/2004,car,greendiesel,2069
1/9/2004,car,greendiesel,2121
1/10/2004,car,greendiesel,2142
1/11/2004,car,greendiesel,1869
1/12/2004,car,greendiesel,2355
1/1/2005,car,greendiesel,2185
1/2/2005,car,greendiesel,1681
1/3/2005,car,greendiesel,1818
1/4/2005,car,greendiesel,1891
1/5/2005,car,greendiesel,2606
1/6/2005,car,greendiesel,2520
1/7/2005,car,greendiesel,2656
1/8/2005,car,greendiesel,2432
1/9/2005,car,greendiesel,2255
1/10/2005,car,greendiesel,2508
1/11/2005,car,greendiesel,1892
1/12/2005,car,greendiesel,2773
1/1/2006,car,greendiesel,2621
1/2/2006,car,greendiesel,1980
1/3/2006,car,greendiesel,2569
1/4/2006,car,greendiesel,2092
1/5/2006,car,greendiesel,2408
1/6/2006,car,greendiesel,2319
1/7/2006,car,greendiesel,2036
1/8/2006,car,greendiesel,2045
1/9/2006,car,greendiesel,2103
1/10/2006,car,greendiesel,1941
1/11/2006,car,greendiesel,2304
1/12/2006,car,greendiesel,2414
1/1/2007,car,greendiesel,1797
1/2/2007,car,greendiesel,1863
1/3/2007,car,greendiesel,2192
1/4/2007,car,greendiesel,1841
1/5/2007,car,greendiesel,2108
1/6/2007,car,greendiesel,2358
1/7/2007,car,greendiesel,2430
1/8/2007,car,greendiesel,2725
1/9/2007,car,greendiesel,2419
1/10/2007,car,greendiesel,2160
1/11/2007,car,greendiesel,2335
1/12/2007,car,greendiesel,2500
1/1/2008,car,greendiesel,2346
1/2/2008,car,greendiesel,1995
1/3/2008,car,greendiesel,2370
1/4/2008,car,greendiesel,2766
1/5/2008,car,greendiesel,2412
1/6/2008,car,greendiesel,2277
1/7/2008,car,greendiesel,3082
1/8/2008,car,greendiesel,2573
1/9/2008,car,greendiesel,2475
1/10/2008,car,greendiesel,2366
1/11/2008,car,greendiesel,2930
1/12/2008,car,greendiesel,3139
1/1/2009,car,greendiesel,2136
1/2/2009,car,greendiesel,2194
1/3/2009,car,greendiesel,2836
1/4/2009,car,greendiesel,2590
1/5/2009,car,greendiesel,2642
1/6/2009,car,greendiesel,2658
1/7/2009,car,greendiesel,3019
1/8/2009,car,greendiesel,2968
1/9/2009,car,greendiesel,2714
1/10/2009,car,greendiesel,3068
1/11/2009,car,greendiesel,3113
1/12/2009,car,greendiesel,3580
1/1/2010,car,greendiesel,3345
1/2/2010,car,greendiesel,2902
1/3/2010,car,greendiesel,4036
1/4/2010,car,greendiesel,3786
1/5/2010,car,greendiesel,3555
1/6/2010,car,greendiesel,3678
1/7/2010,car,greendiesel,3764
1/8/2010,car,greendiesel,3801
1/9/2010,car,greendiesel,3428
1/10/2010,car,greendiesel,4555
1/11/2010,car,greendiesel,4331
1/12/2010,car,greendiesel,4534
1/1/2011,car,greendiesel,4298
1/2/2011,car,greendiesel,3107
1/3/2011,car,greendiesel,5647
1/4/2011,car,greendiesel,4429
1/5/2011,car,greendiesel,3844
1/6/2011,car,greendiesel,3591
1/7/2011,car,greendiesel,3979
1/8/2011,car,greendiesel,4751
1/9/2011,car,greendiesel,3400
1/10/2011,car,greendiesel,5004
1/11/2011,car,greendiesel,4807
1/12/2011,car,greendiesel,4009
1/1/2012,car,greendiesel,3067
1/2/2012,car,greendiesel,3969
1/3/2012,car,greendiesel,4932
1/4/2012,car,greendiesel,4869
1/5/2012,car,greendiesel,5354
1/6/2012,car,greendiesel,5202
1/7/2012,car,greendiesel,5981
1/8/2012,car,greendiesel,5042
1/9/2012,car,greendiesel,4226
1/10/2012,car,greendiesel,5070
1/11/2012,car,greendiesel,5201
1/12/2012,car,greendiesel,5478
1/1/2013,car,greendiesel,5204
1/2/2013,car,greendiesel,3567
1/3/2013,car,greendiesel,5802
1/4/2013,car,greendiesel,5482
1/5/2013,car,greendiesel,4662
1/6/2013,car,greendiesel,4816
1/7/2013,car,greendiesel,6071
1/8/2013,car,greendiesel,4773
1/9/2013,car,greendiesel,4913
1/10/2013,car,greendiesel,5753
1/11/2013,car,greendiesel,4875
1/12/2013,car,greendiesel,5399
1/1/2014,car,greendiesel,5196
1/2/2014,car,greendiesel,3760
1/3/2014,car,greendiesel,5364
1/4/2014,car,greendiesel,5235
1/5/2014,car,greendiesel,4722
1/6/2014,car,greendiesel,4921
1/7/2014,car,greendiesel,5684
1/8/2014,car,greendiesel,4910
1/9/2014,car,greendiesel,4847
1/10/2014,car,greendiesel,5015
1/11/2014,car,greendiesel,4826
1/12/2014,car,greendiesel,6086
1/1/2015,car,greendiesel,4852
1/2/2015,car,greendiesel,4330
1/3/2015,car,greendiesel,5951
1/4/2015,car,greendiesel,3040
1/5/2015,car,greendiesel,4063
1/6/2015,car,greendiesel,5304
1/7/2015,car,greendiesel,4945
1/8/2015,car,greendiesel,4734
1/9/2015,car,greendiesel,4657
1/10/2015,car,greendiesel,5309
1/11/2015,car,greendiesel,5101
1/12/2015,car,greendiesel,6535
1/1/2016,car,greendiesel,3954
1/2/2016,car,greendiesel,2985
1/3/2016,car,greendiesel,4317
1/4/2016,car,greendiesel,2853
1/5/2016,car,greendiesel,4294
1/6/2016,car,greendiesel,4932
1/7/2016,car,greendiesel,3692
1/8/2016,car,greendiesel,4707
1/9/2016,car,greendiesel,4244
1/10/2016,car,greendiesel,4197
1/11/2016,car,greendiesel,4159
1/12/2016,car,greendiesel,4750
1/1/2017,car,greendiesel,3531
1/2/2017,car,greendiesel,3026
1/3/2017,car,greendiesel,4442
1/4/2017,car,greendiesel,3435
1/5/2017,car,greendiesel,4009
1/6/2017,car,greendiesel,3793
1/7/2017,car,greendiesel,3424
1/8/2017,car,greendiesel,4241
1/9/2017,car,greendiesel,2945
1/10/2017,car,greendiesel,3922
1/11/2017,car,greendiesel,4462
1/12/2017,car,greendiesel,4466
1/1/2018,car,greendiesel,3928
1/2/2018,car,greendiesel,3047
1/3/2018,car,greendiesel,4036
1/4/2018,car,greendiesel,3963
1/5/2018,car,greendiesel,2308
1/6/2018,car,greendiesel,5030
1/7/2018,car,greendiesel,5875
1/8/2018,car,greendiesel,8422
1/9/2018,car,greendiesel,2391
1/10/2018,car,greendiesel,3463
1/11/2018,car,greendiesel,3353
1/12/2018,car,greendiesel,3618
1/1/2019,car,greendiesel,3950
1/2/2019,car,greendiesel,2466
1/3/2019,car,greendiesel,3573
1/4/2019,car,greendiesel,3367
1/5/2019,car,greendiesel,3731
1/6/2019,car,greendiesel,2740
1/7/2019,car,greendiesel,3723
1/8/2019,car,greendiesel,3046
1/9/2019,car,greendiesel,3048
1/10/2019,car,greendiesel,3479
1/11/2019,car,greendiesel,3272
1/12/2019,car,greendiesel,3613
1/1/2020,car,greendiesel,2809
1/2/2020,car,greendiesel,3132
1/3/2020,car,greendiesel,1728
1/4/2020,car,greendiesel,7
1/5/2020,car,greendiesel,1924
1/6/2020,car,greendiesel,2954
1/7/2020,car,greendiesel,4289
1/8/2020,car,greendiesel,3628
1/9/2020,car,greendiesel,3277
1/10/2020,car,greendiesel,2873
1/11/2020,car,greendiesel,3809
1/12/2020,car,greendiesel,4824
1/1/2021,car,greendiesel,2745
1/2/2021,car,greendiesel,3750
1/3/2021,car,greendiesel,4814
1/4/2021,car,greendiesel,3835
1/5/2021,car,greendiesel,3460
1/6/2021,car,greendiesel,77
1/7/2021,car,greendiesel,1468
1/8/2021,car,greendiesel,1478
1/9/2021,car,greendiesel,4586
1/10/2021,car,greendiesel,5267
1/11/2021,car,greendiesel,4324
1/12/2021,car,greendiesel,5462
1/1/2022,car,greendiesel,5172
1/2/2022,car,greendiesel,3872
1/3/2022,car,greendiesel,5596
1/4/2022,car,greendiesel,4930
1/5/2022,car,greendiesel,4709
1/6/2022,car,greendiesel,4830
1/7/2022,car,greendiesel,4007
1/8/2022,car,greendiesel,5257
1/9/2022,car,greendiesel,5922
1/10/2022,car,greendiesel,4711
1/11/2022,car,greendiesel,5134
1/12/2022,car,greendiesel,5628
1/1/2023,car,greendiesel,4123
1/2/2023,car,greendiesel,5591
1/3/2023,car,greendiesel,6154
1/4/2023,car,greendiesel,3863
1/5/2023,car,greendiesel,5136
1/6/2023,car,greendiesel,5343
1/7/2023,car,greendiesel,4236
1/8/2023,car,greendiesel,5531
1/9/2023,car,greendiesel,4835
1/10/2023,car,greendiesel,5719
1/11/2023,car,greendiesel,4869
1/12/2023,car,greendiesel,5558
1/1/2024,car,greendiesel,4533
1/2/2024,car,greendiesel,3739
1/3/2024,car,greendiesel,4958
1/4/2024,car,greendiesel,3545
1/5/2024,car,greendiesel,4297
1/6/2024,car,greendiesel,4103
1/7/2024,car,greendiesel,4435
1/8/2024,car,greendiesel,3998
1/9/2024,car,greendiesel,3546
1/10/2024,car,greendiesel,4345
1/11/2024,car,greendiesel,3913
1/12/2024,car,greendiesel,6469
1/1/2025,car,greendiesel,2525
1/2/2025,car,greendiesel,1919
1/3/2025,car,greendiesel,2685
1/4/2025,car,greendiesel,3275
1/5/2025,car,greendiesel,3820
1/6/2025,car,greendiesel,3767
1/7/2025,car,greendiesel,4241
1/8/2025,car,greendiesel,4440
1/9/2025,car,greendiesel,4097
1/10/2025,car,greendiesel,4542
1/11/2025,car,greendiesel,3996
1/12/2025,car,greendiesel,6115
1/1/2026,car,greendiesel,2558
1/2/2026,car,greendiesel,2859
1/3/2026,car,greendiesel,2883
1/4/2026,car,greendiesel,3021
1/12/2004,car,hybrid,1
1/3/2009,car,hybrid,1
1/6/2009,car,hybrid,1
1/11/2009,car,hybrid,1
1/6/2010,car,hybrid,1
1/12/2010,car,hybrid,1
1/1/2011,car,hybrid,1
1/2/2011,car,hybrid,1
1/3/2011,car,hybrid,3
1/5/2011,car,hybrid,2
1/6/2011,car,hybrid,3
1/7/2011,car,hybrid,3
1/8/2011,car,hybrid,17
1/9/2011,car,hybrid,12
1/10/2011,car,hybrid,32
1/11/2011,car,hybrid,55
1/12/2011,car,hybrid,252
1/1/2012,car,hybrid,379
1/2/2012,car,hybrid,368
1/3/2012,car,hybrid,978
1/4/2012,car,hybrid,993
1/5/2012,car,hybrid,1232
1/6/2012,car,hybrid,1022
1/7/2012,car,hybrid,1623
1/8/2012,car,hybrid,1391
1/9/2012,car,hybrid,1074
1/10/2012,car,hybrid,1023
1/11/2012,car,hybrid,1161
1/12/2012,car,hybrid,1508
1/1/2013,car,hybrid,1218
1/2/2013,car,hybrid,636
1/3/2013,car,hybrid,1218
1/4/2013,car,hybrid,995
1/5/2013,car,hybrid,833
1/6/2013,car,hybrid,1061
1/7/2013,car,hybrid,1565
1/8/2013,car,hybrid,1866
1/9/2013,car,hybrid,1433
1/10/2013,car,hybrid,1774
1/11/2013,car,hybrid,1663
1/12/2013,car,hybrid,2538
1/1/2014,car,hybrid,1931
1/2/2014,car,hybrid,903
1/3/2014,car,hybrid,943
1/4/2014,car,hybrid,921
1/5/2014,car,hybrid,686
1/6/2014,car,hybrid,700
1/7/2014,car,hybrid,439
1/8/2014,car,hybrid,165
1/9/2014,car,hybrid,152
1/10/2014,car,hybrid,201
1/11/2014,car,hybrid,271
1/12/2014,car,hybrid,332
1/1/2015,car,hybrid,461
1/2/2015,car,hybrid,373
1/3/2015,car,hybrid,563
1/4/2015,car,hybrid,813
1/5/2015,car,hybrid,1141
1/6/2015,car,hybrid,964
1/7/2015,car,hybrid,809
1/8/2015,car,hybrid,742
1/9/2015,car,hybrid,786
1/10/2015,car,hybrid,968
1/11/2015,car,hybrid,1006
1/12/2015,car,hybrid,1017
1/1/2016,car,hybrid,490
1/2/2016,car,hybrid,311
1/3/2016,car,hybrid,458
1/4/2016,car,hybrid,447
1/5/2016,car,hybrid,491
1/6/2016,car,hybrid,613
1/7/2016,car,hybrid,470
1/8/2016,car,hybrid,514
1/9/2016,car,hybrid,489
1/10/2016,car,hybrid,453
1/11/2016,car,hybrid,514
1/12/2016,car,hybrid,606
1/1/2017,car,hybrid,749
1/2/2017,car,hybrid,452
1/3/2017,car,hybrid,644
1/4/2017,car,hybrid,564
1/5/2017,car,hybrid,568
1/6/2017,car,hybrid,490
1/7/2017,car,hybrid,486
1/8/2017,car,hybrid,944
1/9/2017,car,hybrid,747
1/10/2017,car,hybrid,1199
1/11/2017,car,hybrid,1242
1/12/2017,car,hybrid,1064
1/1/2018,car,hybrid,940
1/2/2018,car,hybrid,650
1/3/2018,car,hybrid,931
1/4/2018,car,hybrid,729
1/5/2018,car,hybrid,496
1/6/2018,car,hybrid,1372
1/7/2018,car,hybrid,1271
1/8/2018,car,hybrid,1012
1/9/2018,car,hybrid,54
1/10/2018,car,hybrid,62
1/11/2018,car,hybrid,110
1/12/2018,car,hybrid,122
1/1/2019,car,hybrid,323
1/2/2019,car,hybrid,291
1/3/2019,car,hybrid,550
1/4/2019,car,hybrid,581
1/5/2019,car,hybrid,607
1/6/2019,car,hybrid,350
1/7/2019,car,hybrid,469
1/8/2019,car,hybrid,458
1/9/2019,car,hybrid,584
1/10/2019,car,hybrid,534
1/11/2019,car,hybrid,629
1/12/2019,car,hybrid,590
1/1/2020,car,hybrid,413
1/2/2020,car,hybrid,243
1/3/2020,car,hybrid,147
1/4/2020,car,hybrid,1
1/5/2020,car,hybrid,87
1/6/2020,car,hybrid,287
1/7/2020,car,hybrid,188
1/8/2020,car,hybrid,134
1/9/2020,car,hybrid,99
1/10/2020,car,hybrid,109
1/11/2020,car,hybrid,87
1/12/2020,car,hybrid,133
1/1/2021,car,hybrid,59
1/2/2021,car,hybrid,118
1/3/2021,car,hybrid,459
1/4/2021,car,hybrid,357
1/5/2021,car,hybrid,340
1/6/2021,car,hybrid,10
1/7/2021,car,hybrid,60
1/8/2021,car,hybrid,96
1/9/2021,car,hybrid,304
1/10/2021,car,hybrid,313
1/11/2021,car,hybrid,299
1/12/2021,car,hybrid,316
1/1/2022,car,hybrid,311
1/2/2022,car,hybrid,434
1/3/2022,car,hybrid,1210
1/4/2022,car,hybrid,966
1/5/2022,car,hybrid,1130
1/6/2022,car,hybrid,1371
1/7/2022,car,hybrid,1220
1/8/2022,car,hybrid,1484
1/9/2022,car,hybrid,1700
1/10/2022,car,hybrid,1753
1/11/2022,car,hybrid,1905
1/12/2022,car,hybrid,1893
1/1/2023,car,hybrid,1316
1/2/2023,car,hybrid,2040
1/3/2023,car,hybrid,2072
1/4/2023,car,hybrid,1252
1/5/2023,car,hybrid,1416
1/6/2023,car,hybrid,1527
1/7/2023,car,hybrid,1276
1/8/2023,car,hybrid,1703
1/9/2023,car,hybrid,1809
1/10/2023,car,hybrid,2227
1/11/2023,car,hybrid,2646
1/12/2023,car,hybrid,2931
1/1/2024,car,hybrid,2101
1/2/2024,car,hybrid,1830
1/3/2024,car,hybrid,2261
1/4/2024,car,hybrid,1761
1/5/2024,car,hybrid,1870
1/6/2024,car,hybrid,1899
1/7/2024,car,hybrid,2119
1/8/2024,car,hybrid,1924
1/9/2024,car,hybrid,1688
1/10/2024,car,hybrid,1804
1/11/2024,car,hybrid,1863
1/12/2024,car,hybrid,3406
1/1/2025,car,hybrid,2249
1/2/2025,car,hybrid,2112
1/3/2025,car,hybrid,2772
1/4/2025,car,hybrid,2269
1/5/2025,car,hybrid,2695
1/6/2025,car,hybrid,2070
1/7/2025,car,hybrid,2476
1/8/2025,car,hybrid,2902
1/9/2025,car,hybrid,2399
1/10/2025,car,hybrid,2804
1/11/2025,car,hybrid,2550
1/12/2025,car,hybrid,3892
1/1/2026,car,hybrid,2155
1/2/2026,car,hybrid,2208
1/3/2026,car,hybrid,4093
1/4/2026,car,hybrid,4942
1/1/2000,car,other,143
1/2/2000,car,other,120
1/3/2000,car,other,196
1/4/2000,car,other,172
1/5/2000,car,other,236
1/6/2000,car,other,159
1/7/2000,car,other,157
1/8/2000,car,other,161
1/9/2000,car,other,156
1/10/2000,car,other,178
1/11/2000,car,other,188
1/12/2000,car,other,139
1/1/2001,car,other,105
1/2/2001,car,other,153
1/3/2001,car,other,250
1/4/2001,car,other,208
1/5/2001,car,other,205
1/6/2001,car,other,228
1/7/2001,car,other,251
1/8/2001,car,other,262
1/9/2001,car,other,290
1/10/2001,car,other,252
1/11/2001,car,other,338
1/12/2001,car,other,265
1/1/2002,car,other,346
1/2/2002,car,other,299
1/3/2002,car,other,406
1/4/2002,car,other,339
1/5/2002,car,other,360
1/6/2002,car,other,326
1/7/2002,car,other,375
1/8/2002,car,other,275
1/9/2002,car,other,330
1/10/2002,car,other,524
1/11/2002,car,other,425
1/12/2002,car,other,277
1/1/2003,car,other,554
1/2/2003,car,other,287
1/3/2003,car,other,476
1/4/2003,car,other,553
1/5/2003,car,other,356
1/6/2003,car,other,238
1/7/2003,car,other,471
1/8/2003,car,other,501
1/9/2003,car,other,428
1/10/2003,car,other,591
1/11/2003,car,other,381
1/12/2003,car,other,689
1/1/2004,car,other,416
1/2/2004,car,other,447
1/3/2004,car,other,604
1/4/2004,car,other,678
1/5/2004,car,other,730
1/6/2004,car,other,787
1/7/2004,car,other,874
1/8/2004,car,other,719
1/9/2004,car,other,830
1/10/2004,car,other,781
1/11/2004,car,other,396
1/12/2004,car,other,358
1/1/2005,car,other,328
1/2/2005,car,other,351
1/3/2005,car,other,546
1/4/2005,car,other,490
1/5/2005,car,other,470
1/6/2005,car,other,628
1/7/2005,car,other,629
1/8/2005,car,other,382
1/9/2005,car,other,452
1/10/2005,car,other,549
1/11/2005,car,other,518
1/12/2005,car,other,522
1/1/2006,car,other,390
1/2/2006,car,other,437
1/3/2006,car,other,595
1/4/2006,car,other,418
1/5/2006,car,other,452
1/6/2006,car,other,493
1/7/2006,car,other,327
1/8/2006,car,other,417
1/9/2006,car,other,454
1/10/2006,car,other,283
1/11/2006,car,other,325
1/12/2006,car,other,431
1/1/2007,car,other,365
1/2/2007,car,other,304
1/3/2007,car,other,275
1/4/2007,car,other,377
1/5/2007,car,other,413
1/6/2007,car,other,341
1/7/2007,car,other,473
1/8/2007,car,other,458
1/9/2007,car,other,397
1/10/2007,car,other,235
1/11/2007,car,other,308
1/12/2007,car,other,233
1/1/2008,car,other,405
1/2/2008,car,other,311
1/3/2008,car,other,425
1/4/2008,car,other,396
1/5/2008,car,other,291
1/6/2008,car,other,310
1/7/2008,car,other,399
1/8/2008,car,other,355
1/9/2008,car,other,377
1/10/2008,car,other,184
1/11/2008,car,other,193
1/12/2008,car,other,256
1/1/2009,car,other,257
1/2/2009,car,other,186
1/3/2009,car,other,252
1/4/2009,car,other,479
1/5/2009,car,other,415
1/6/2009,car,other,316
1/7/2009,car,other,349
1/8/2009,car,other,234
1/9/2009,car,other,307
1/10/2009,car,other,316
1/11/2009,car,other,201
1/12/2009,car,other,270
1/1/2010,car,other,289
1/2/2010,car,other,182
1/3/2010,car,other,429
1/4/2010,car,other,272
1/5/2010,car,other,303
1/6/2010,car,other,481
1/7/2010,car,other,538
1/8/2010,car,other,394
1/9/2010,car,other,286
1/10/2010,car,other,377
1/11/2010,car,other,305
1/12/2010,car,other,341
1/1/2011,car,other,310
1/2/2011,car,other,256
1/3/2011,car,other,428
1/4/2011,car,other,376
1/5/2011,car,other,477
1/6/2011,car,other,361
1/7/2011,car,other,332
1/8/2011,car,other,371
1/9/2011,car,other,273
1/10/2011,car,other,224
1/11/2011,car,other,184
1/12/2011,car,other,167
1/1/2012,car,other,170
1/2/2012,car,other,196
1/3/2012,car,other,282
1/4/2012,car,other,270
1/5/2012,car,other,316
1/6/2012,car,other,195
1/7/2012,car,other,242
1/8/2012,car,other,247
1/9/2012,car,other,170
1/10/2012,car,other,277
1/11/2012,car,other,227
1/12/2012,car,other,287
1/1/2013,car,other,145
1/2/2013,car,other,101
1/3/2013,car,other,275
1/4/2013,car,other,325
1/5/2013,car,other,222
1/6/2013,car,other,236
1/7/2013,car,other,319
1/8/2013,car,other,202
1/9/2013,car,other,286
1/10/2013,car,other,301
1/11/2013,car,other,211
1/12/2013,car,other,292
1/1/2014,car,other,244
1/2/2014,car,other,247
1/3/2014,car,other,338
1/4/2014,car,other,348
1/5/2014,car,other,325
1/6/2014,car,other,410
1/7/2014,car,other,302
1/8/2014,car,other,412
1/9/2014,car,other,442
1/10/2014,car,other,578
1/11/2014,car,other,264
1/12/2014,car,other,385
1/1/2015,car,other,96
1/2/2015,car,other,57
1/3/2015,car,other,192
1/4/2015,car,other,279
1/5/2015,car,other,162
1/6/2015,car,other,105
1/7/2015,car,other,75
1/8/2015,car,other,79
1/9/2015,car,other,116
1/10/2015,car,other,132
1/11/2015,car,other,122
1/12/2015,car,other,155
1/1/2016,car,other,225
1/2/2016,car,other,137
1/3/2016,car,other,248
1/4/2016,car,other,183
1/5/2016,car,other,171
1/6/2016,car,other,179
1/7/2016,car,other,148
1/8/2016,car,other,138
1/9/2016,car,other,127
1/10/2016,car,other,113
1/11/2016,car,other,75
1/12/2016,car,other,35
1/1/2017,car,other,10
1/2/2017,car,other,10
1/3/2017,car,other,19
1/4/2017,car,other,14
1/5/2017,car,other,16
1/6/2017,car,other,12
1/7/2017,car,other,11
1/8/2017,car,other,15
1/9/2017,car,other,14
1/10/2017,car,other,15
1/11/2017,car,other,14
1/12/2017,car,other,13
1/1/2018,car,other,4
1/2/2018,car,other,8
1/3/2018,car,other,19
1/4/2018,car,other,12
1/5/2018,car,other,11
1/6/2018,car,other,11
1/7/2018,car,other,10
1/8/2018,car,other,27
1/9/2018,car,other,1
1/10/2018,car,other,7
1/11/2018,car,other,17
1/12/2018,car,other,18
1/1/2019,car,other,27
1/2/2019,car,other,4
1/3/2019,car,other,5
1/4/2019,car,other,2
1/5/2019,car,other,13
1/6/2019,car,other,5
1/7/2019,car,other,12
1/8/2019,car,other,6
1/9/2019,car,other,4
1/10/2019,car,other,4
1/11/2019,car,other,7
1/12/2019,car,other,13
1/1/2020,car,other,3
1/2/2020,car,other,4
1/3/2020,car,other,2
1/6/2020,car,other,1
1/7/2020,car,other,3
1/8/2020,car,other,1
1/9/2020,car,other,3
1/10/2020,car,other,2
1/11/2020,car,other,1
1/12/2020,car,other,1
1/3/2021,car,other,1
1/5/2021,car,other,1
1/7/2021,car,other,1
1/9/2021,car,other,1
1/10/2021,car,other,1
1/11/2021,car,other,2
1/4/2022,car,other,1
1/8/2022,car,other,1
1/10/2022,car,other,2
1/11/2022,car,other,1
1/1/2023,car,other,2
1/2/2023,car,other,1
1/3/2023,car,other,1
1/5/2023,car,other,1
1/8/2023,car,other,1
1/1/2024,car,other,1
1/5/2024,car,other,1
1/7/2024,car,other,1
1/6/2025,car,other,1
1/7/2025,car,other,1
1/8/2025,car,other,1
1/1/2000,car,petrol,24780
1/2/2000,car,petrol,22992
1/3/2000,car,petrol,30631
1/4/2000,car,petrol,28112
1/5/2000,car,petrol,29629
1/6/2000,car,petrol,27545
1/7/2000,car,petrol,30224
1/8/2000,car,petrol,30891
1/9/2000,car,petrol,26593
1/10/2000,car,petrol,29917
1/11/2000,car,petrol,30988
1/12/2000,car,petrol,28390
1/1/2001,car,petrol,26533
1/2/2001,car,petrol,28770
1/3/2001,car,petrol,29928
1/4/2001,car,petrol,30123
1/5/2001,car,petrol,31932
1/6/2001,car,petrol,30785
1/7/2001,car,petrol,33999
1/8/2001,car,petrol,36648
1/9/2001,car,petrol,33622
1/10/2001,car,petrol,39641
1/11/2001,car,petrol,37696
1/12/2001,car,petrol,28206
1/1/2002,car,petrol,39685
1/2/2002,car,petrol,29396
1/3/2002,car,petrol,34634
1/4/2002,car,petrol,37545
1/5/2002,car,petrol,37237
1/6/2002,car,petrol,33942
1/7/2002,car,petrol,40140
1/8/2002,car,petrol,40214
1/9/2002,car,petrol,32108
1/10/2002,car,petrol,38160
1/11/2002,car,petrol,35638
1/12/2002,car,petrol,25263
1/1/2003,car,petrol,43109
1/2/2003,car,petrol,24353
1/3/2003,car,petrol,34585
1/4/2003,car,petrol,33656
1/5/2003,car,petrol,32378
1/6/2003,car,petrol,32668
1/7/2003,car,petrol,38455
1/8/2003,car,petrol,36393
1/9/2003,car,petrol,33753
1/10/2003,car,petrol,35374
1/11/2003,car,petrol,31996
1/12/2003,car,petrol,28863
1/1/2004,car,petrol,32898
1/2/2004,car,petrol,27797
1/3/2004,car,petrol,38797
1/4/2004,car,petrol,37919
1/5/2004,car,petrol,34575
1/6/2004,car,petrol,42467
1/7/2004,car,petrol,45560
1/8/2004,car,petrol,38125
1/9/2004,car,petrol,40400
1/10/2004,car,petrol,41572
1/11/2004,car,petrol,33526
1/12/2004,car,petrol,40683
1/1/2005,car,petrol,40380
1/2/2005,car,petrol,34043
1/3/2005,car,petrol,46223
1/4/2005,car,petrol,41831
1/5/2005,car,petrol,42106
1/6/2005,car,petrol,45912
1/7/2005,car,petrol,43067
1/8/2005,car,petrol,48643
1/9/2005,car,petrol,48234
1/10/2005,car,petrol,55739
1/11/2005,car,petrol,36481
1/12/2005,car,petrol,47408
1/1/2006,car,petrol,36414
1/2/2006,car,petrol,30956
1/3/2006,car,petrol,41508
1/4/2006,car,petrol,36777
1/5/2006,car,petrol,39999
1/6/2006,car,petrol,38163
1/7/2006,car,petrol,36939
1/8/2006,car,petrol,43581
1/9/2006,car,petrol,38985
1/10/2006,car,petrol,32862
1/11/2006,car,petrol,32437
1/12/2006,car,petrol,33153
1/1/2007,car,petrol,32638
1/2/2007,car,petrol,29230
1/3/2007,car,petrol,34411
1/4/2007,car,petrol,29941
1/5/2007,car,petrol,35890
1/6/2007,car,petrol,39748
1/7/2007,car,petrol,41726
1/8/2007,car,petrol,44512
1/9/2007,car,petrol,40977
1/10/2007,car,petrol,40076
1/11/2007,car,petrol,40707
1/12/2007,car,petrol,38123
1/1/2008,car,petrol,43466
1/2/2008,car,petrol,35565
1/3/2008,car,petrol,43019
1/4/2008,car,petrol,47244
1/5/2008,car,petrol,46473
1/6/2008,car,petrol,46977
1/7/2008,car,petrol,51959
1/8/2008,car,petrol,42076
1/9/2008,car,petrol,49649
1/10/2008,car,petrol,34069
1/11/2008,car,petrol,37331
1/12/2008,car,petrol,37202
1/1/2009,car,petrol,37238
1/2/2009,car,petrol,33806
1/3/2009,car,petrol,41872
1/4/2009,car,petrol,38314
1/5/2009,car,petrol,41608
1/6/2009,car,petrol,42179
1/7/2009,car,petrol,48735
1/8/2009,car,petrol,45828
1/9/2009,car,petrol,43774
1/10/2009,car,petrol,42647
1/11/2009,car,petrol,41887
1/12/2009,car,petrol,43162
1/1/2010,car,petrol,47783
1/2/2010,car,petrol,37734
1/3/2010,car,petrol,52485
1/4/2010,car,petrol,44342
1/5/2010,car,petrol,47565
1/6/2010,car,petrol,50279
1/7/2010,car,petrol,48610
1/8/2010,car,petrol,51190
1/9/2010,car,petrol,40372
1/10/2010,car,petrol,47074
1/11/2010,car,petrol,39184
1/12/2010,car,petrol,50652
1/1/2011,car,petrol,53872
1/2/2011,car,petrol,36056
1/3/2011,car,petrol,58003
1/4/2011,car,petrol,46225
1/5/2011,car,petrol,42022
1/6/2011,car,petrol,38670
1/7/2011,car,petrol,45471
1/8/2011,car,petrol,55311
1/9/2011,car,petrol,39794
1/10/2011,car,petrol,48470
1/11/2011,car,petrol,43356
1/12/2011,car,petrol,42926
1/1/2012,car,petrol,39145
1/2/2012,car,petrol,39320
1/3/2012,car,petrol,47949
1/4/2012,car,petrol,41660
1/5/2012,car,petrol,52035
1/6/2012,car,petrol,49885
1/7/2012,car,petrol,52194
1/8/2012,car,petrol,46570
1/9/2012,car,petrol,40185
1/10/2012,car,petrol,48281
1/11/2012,car,petrol,45536
1/12/2012,car,petrol,53087
1/1/2013,car,petrol,51261
1/2/2013,car,petrol,41841
1/3/2013,car,petrol,50539
1/4/2013,car,petrol,47314
1/5/2013,car,petrol,43249
1/6/2013,car,petrol,47305
1/7/2013,car,petrol,63243
1/8/2013,car,petrol,45131
1/9/2013,car,petrol,47288
1/10/2013,car,petrol,48532
1/11/2013,car,petrol,45098
1/12/2013,car,petrol,50273
1/1/2014,car,petrol,48682
1/2/2014,car,petrol,43340
1/3/2014,car,petrol,51793
1/4/2014,car,petrol,53797
1/5/2014,car,petrol,50777
1/6/2014,car,petrol,51932
1/7/2014,car,petrol,57843
1/8/2014,car,petrol,45214
1/9/2014,car,petrol,43020
1/10/2014,car,petrol,50211
1/11/2014,car,petrol,47813
1/12/2014,car,petrol,57735
1/1/2015,car,petrol,48131
1/2/2015,car,petrol,47434
1/3/2015,car,petrol,62734
1/4/2015,car,petrol,40518
1/5/2015,car,petrol,46159
1/6/2015,car,petrol,51684
1/7/2015,car,petrol,54526
1/8/2015,car,petrol,48007
1/9/2015,car,petrol,46088
1/10/2015,car,petrol,49764
1/11/2015,car,petrol,49534
1/12/2015,car,petrol,61414
1/1/2016,car,petrol,42984
1/2/2016,car,petrol,34942
1/3/2016,car,petrol,44910
1/4/2016,car,petrol,39137
1/5/2016,car,petrol,39751
1/6/2016,car,petrol,52856
1/7/2016,car,petrol,38443
1/8/2016,car,petrol,47485
1/9/2016,car,petrol,43771
1/10/2016,car,petrol,43411
1/11/2016,car,petrol,43983
1/12/2016,car,petrol,58290
1/1/2017,car,petrol,41810
1/2/2017,car,petrol,38877
1/3/2017,car,petrol,49740
1/4/2017,car,petrol,38415
1/5/2017,car,petrol,46504
1/6/2017,car,petrol,47080
1/7/2017,car,petrol,44018
1/8/2017,car,petrol,47216
1/9/2017,car,petrol,36438
1/10/2017,car,petrol,41541
1/11/2017,car,petrol,43239
1/12/2017,car,petrol,47853
1/1/2018,car,petrol,42043
1/2/2018,car,petrol,37741
1/3/2018,car,petrol,44563
1/4/2018,car,petrol,42903
1/5/2018,car,petrol,41619
1/6/2018,car,petrol,58613
1/7/2018,car,petrol,63380
1/8/2018,car,petrol,60645
1/9/2018,car,petrol,28287
1/10/2018,car,petrol,42823
1/11/2018,car,petrol,42707
1/12/2018,car,petrol,42916
1/1/2019,car,petrol,46110
1/2/2019,car,petrol,35829
1/3/2019,car,petrol,50665
1/4/2019,car,petrol,47092
1/5/2019,car,petrol,58423
1/6/2019,car,petrol,38204
1/7/2019,car,petrol,48585
1/8/2019,car,petrol,48464
1/9/2019,car,petrol,41495
1/10/2019,car,petrol,49788
1/11/2019,car,petrol,48449
1/12/2019,car,petrol,50647
1/1/2020,car,petrol,43987
1/2/2020,car,petrol,39674
1/3/2020,car,petrol,21038
1/4/2020,car,petrol,121
1/5/2020,car,petrol,22309
1/6/2020,car,petrol,43201
1/7/2020,car,petrol,57682
1/8/2020,car,petrol,51694
1/9/2020,car,petrol,56453
1/10/2020,car,petrol,56200
1/11/2020,car,petrol,54926
1/12/2020,car,petrol,65367
1/1/2021,car,petrol,32179
1/2/2021,car,petrol,40399
1/3/2021,car,petrol,60713
1/4/2021,car,petrol,56496
1/5/2021,car,petrol,45474
1/6/2021,car,petrol,1968
1/7/2021,car,petrol,6809
1/8/2021,car,petrol,17402
1/9/2021,car,petrol,40837
1/10/2021,car,petrol,61373
1/11/2021,car,petrol,58038
1/12/2021,car,petrol,61870
1/1/2022,car,petrol,38680
1/2/2022,car,petrol,41572
1/3/2022,car,petrol,66096
1/4/2022,car,petrol,54926
1/5/2022,car,petrol,46586
1/6/2022,car,petrol,58933
1/7/2022,car,petrol,47420
1/8/2022,car,petrol,63102
1/9/2022,car,petrol,59846
1/10/2022,car,petrol,57290
1/11/2022,car,petrol,60363
1/12/2022,car,petrol,67521
1/1/2023,car,petrol,47351
1/2/2023,car,petrol,57509
1/3/2023,car,petrol,70213
1/4/2023,car,petrol,45265
1/5/2023,car,petrol,58612
1/6/2023,car,petrol,55753
1/7/2023,car,petrol,61142
1/8/2023,car,petrol,67782
1/9/2023,car,petrol,61096
1/10/2023,car,petrol,69774
1/11/2023,car,petrol,67362
1/12/2023,car,petrol,68773
1/1/2024,car,petrol,61753
1/2/2024,car,petrol,60022
1/3/2024,car,petrol,65191
1/4/2024,car,petrol,56266
1/5/2024,car,petrol,64986
1/6/2024,car,petrol,53014
1/7/2024,car,petrol,68298
1/8/2024,car,petrol,68129
1/9/2024,car,petrol,54106
1/10/2024,car,petrol,67104
1/11/2024,car,petrol,64004
1/12/2024,car,petrol,71685
1/1/2025,car,petrol,47093
1/2/2025,car,petrol,59868
1/3/2025,car,petrol,67580
1/4/2025,car,petrol,56204
1/5/2025,car,petrol,63363
1/6/2025,car,petrol,49491
1/7/2025,car,petrol,65897
1/8/2025,car,petrol,67897
1/9/2025,car,petrol,52309
1/10/2025,car,petrol,69463
1/11/2025,car,petrol,65688
1/12/2025,car,petrol,78616
1/1/2026,car,petrol,56863
1/2/2026,car,petrol,47775
1/3/2026,car,petrol,55960
1/4/2026,car,petrol,63821
